{
    "bias": 1.0,
    "learningRate": 0.05,
    "momentum": 1.0,
    "topology": [
        10,
        8,
        15,
        10
    ],
    "weights": [
        [
            [
                0.5841159836455302,
                0.5741266551827235,
                0.5792430419186689,
                0.5441989679843616,
                0.5851829186931745,
                0.9768415240333985,
                0.8514834762775936,
                0.3706103059839897
            ],
            [
                0.6284530313081096,
                0.8990395688418922,
                0.182283640240062,
                0.20362872243067032,
                0.8649383657287102,
                0.06501228313266906,
                0.46718649716936034,
                0.4191330192415718
            ],
            [
                0.5518833175466925,
                0.9476036332968348,
                0.051846856493008915,
                0.7360373364662637,
                0.23145758657021342,
                0.6688285313992347,
                0.4450357371866855,
                0.6334848105658123
            ],
            [
                0.566413675713745,
                0.6228466375026029,
                0.3583228881354168,
                0.36699695874856186,
                0.3172164176158512,
                0.0811127439340965,
                0.056821640435674205,
                0.40293093076466635
            ],
            [
                0.2601060785440733,
                0.08799586640019645,
                0.5762528958013956,
                0.990642007206876,
                0.33087342131917785,
                0.17585096842127687,
                0.6648554721446032,
                0.7272417217748766
            ],
            [
                0.08023709382728701,
                0.3845532925734845,
                0.38589309516812964,
                0.4322499512160145,
                0.342024972487571,
                0.11560105996166205,
                0.596100476684462,
                0.5345967387497607
            ],
            [
                0.6740181414320864,
                0.39040730752729363,
                0.4081969409066782,
                0.22251271277083923,
                0.5910367114647046,
                0.7342373002798376,
                0.6176988319590447,
                0.3456899167772495
            ],
            [
                0.043996051369437336,
                0.07689385808612413,
                0.8196188887090244,
                0.27919487313281943,
                0.44755409568072246,
                0.1830334504576145,
                0.19795323125358635,
                0.1703233443556089
            ],
            [
                0.1900829637375407,
                0.9454664741760326,
                0.8121623575831051,
                0.1933119224593736,
                0.13259051577237393,
                0.970534756361905,
                0.2904199808701739,
                0.8419973722564622
            ],
            [
                0.0481685660462714,
                0.9380263643157065,
                0.707681404101536,
                0.2701193354148492,
                0.7389543946603224,
                0.5460164924142391,
                0.20175496442762822,
                0.5027846341224202
            ]
        ],
        [
            [
                0.38327724733284235,
                0.3134421221631682,
                0.9278716374605412,
                0.09047461224528724,
                0.8981735449229966,
                0.4480396004153101,
                0.47340272871068334,
                0.20057001031721003,
                0.6358319500217815,
                0.7158277987299204,
                0.2607617574277699,
                0.11589836573180134,
                0.5214395754657286,
                0.8312485161056868,
                0.41907746861687933
            ],
            [
                0.8565904722418104,
                0.5094554755133299,
                0.925463428865082,
                0.3711123966219647,
                0.5867352582441794,
                0.16471787284529718,
                0.5346241460511599,
                0.7004742053798547,
                0.050573631826265494,
                0.4113259353326165,
                0.5166516793724923,
                0.5268660072777411,
                0.732536962718196,
                0.5361768236649138,
                0.39807010175389607
            ],
            [
                0.5139349948244886,
                0.6074949995192243,
                0.3435286336769567,
                0.53460241876988,
                0.44214238102962744,
                0.4217218288342568,
                0.9969355094402278,
                0.6202437273769177,
                0.08779041773807958,
                0.9887726346954199,
                0.04293719229578956,
                0.4397873856988811,
                0.6897023985433388,
                0.38436635753880993,
                0.23302453922082653
            ],
            [
                0.7832608475686976,
                0.37264862269550736,
                0.33364143027211096,
                0.24133327255032297,
                0.6374303301907628,
                0.3503823246038876,
                0.1445861989364318,
                0.4643849828969445,
                0.791007486720714,
                0.3636352572960111,
                0.6296774252274218,
                0.582330268472936,
                0.6552155338305361,
                0.772832534262086,
                0.9398881351713674
            ],
            [
                0.020226342506010086,
                0.8552079817235415,
                0.31459404114571593,
                0.371797297789437,
                0.7666839769764258,
                0.8385413546074701,
                0.6921513423799085,
                0.36816084861125686,
                0.38413680672812195,
                0.24093214521522074,
                0.012355953994623392,
                0.07574905009261927,
                0.10161018398184131,
                0.5918716245371455,
                0.5690856766966814
            ],
            [
                0.15639724741012975,
                0.6384231301504566,
                0.7230281068259623,
                0.5255369633838294,
                0.8130943167759597,
                0.6099623257062188,
                0.44654581837624113,
                0.0497434874291534,
                0.3652736520370576,
                0.270677869844426,
                0.4939315837274637,
                0.3982773211946007,
                0.17841098263204624,
                0.17758560906900778,
                0.3703535386418219
            ],
            [
                0.07581470440972415,
                0.17029340892696262,
                0.689120370915767,
                0.7064090035305206,
                0.510238644919759,
                0.422465278753815,
                0.8304164720223429,
                0.3091691507326252,
                0.8704901667550793,
                0.992443701886763,
                0.31877339285433787,
                0.08854123280241315,
                0.21564786493421845,
                0.1342475044245246,
                0.3614611559197228
            ],
            [
                0.6480938906409611,
                0.6403507954286147,
                0.9312514840786864,
                0.4445167740214196,
                0.58927601247251,
                0.18254453826606837,
                0.0647664936727242,
                0.3458592316272408,
                0.07260897006274683,
                0.42679219451795697,
                0.2320421089883521,
                0.5837970145646197,
                0.10688293271037659,
                0.8356633688681758,
                0.3422068226018912
            ]
        ],
        [
            [
